Etapa,Sinal
0.3323203921318054,0.9114134311676025,0.40542545914649963,0.8989739418029785,0.4639698266983032,0.8641418814659119,0.512973427772522,0.8434381484985352,0.5612937211990356,0.8349162340164185,0.45018282532691956,0.7724509239196777,0.48493897914886475,0.8340983390808105,0.48487967252731323,0.9035522937774658,0.47802284359931946,0.9502756595611572,0.41515687108039856,0.7637444734573364,0.4561597406864166,0.8484326004981995,0.4623540937900543,0.9274174571037292,0.45815983414649963,0.9785727262496948,0.3762805759906769,0.77422034740448,0.41699591279029846,0.8583968877792358,0.42802131175994873,0.9306360483169556,0.4282352328300476,0.9769935607910156,0.34004923701286316,0.7944045066833496,0.3651811480522156,0.8283344507217407,0.37777358293533325,0.8579014539718628,0.38268500566482544,0.8759925365447998,,
