Etapa,Sinal
0.4018986225128174,0.9228192567825317,0.4424997866153717,0.9318922162055969,0.47403019666671753,0.9395965933799744,0.492411732673645,0.9529208540916443,0.5120994448661804,0.9642417430877686,0.46114295721054077,0.8640658855438232,0.47576284408569336,0.9659326076507568,0.47707274556159973,1.0179176330566406,0.48148849606513977,1.0406007766723633,0.4145527780056,0.8610765337944031,0.4367966949939728,0.9853779673576355,0.44169771671295166,1.0372637510299683,0.4441285729408264,1.062573790550232,0.3746751546859741,0.8746152520179749,0.39516064524650574,0.9915080070495605,0.40096941590309143,1.0379916429519653,0.3999219238758087,1.0597187280654907,0.3410123288631439,0.8980712890625,0.3520522117614746,0.9719361066818237,0.35699987411499023,1.0049494504928589,0.3554709851741791,1.0218030214309692,,
