Etapa,Sinal
0.40301793813705444,0.9310327172279358,0.45410966873168945,0.9474638104438782,0.5130990147590637,0.9337166547775269,0.5589818954467773,0.9122657775878906,0.6018441915512085,0.89614337682724,0.4857900142669678,0.8396773338317871,0.4930751621723175,0.9185096621513367,0.4854947626590729,0.9531738758087158,0.4801173508167267,0.9562504291534424,0.4427211284637451,0.8195650577545166,0.4514738917350769,0.9117675423622131,0.44673874974250793,0.9406670331954956,0.44254305958747864,0.9408668875694275,0.4033249616622925,0.8171681761741638,0.4140219986438751,0.8783503174781799,0.40798282623291016,0.9025053977966309,0.401070237159729,0.9031957983970642,0.36624592542648315,0.824371337890625,0.37363776564598083,0.8286228179931641,0.3792596161365509,0.8243130445480347,0.3848307728767395,0.8126383423805237,,
