Etapa,Sinal
0.8378095030784607,0.9132393002510071,0.7750906348228455,0.9128314852714539,0.7133514881134033,0.8713282942771912,0.6618824601173401,0.851563572883606,0.614970326423645,0.8421106934547424,0.7440720200538635,0.7479332685470581,0.7632057666778564,0.813607931137085,0.7709707617759705,0.8581236004829407,0.7757778763771057,0.8678020238876343,0.7885648608207703,0.7379870414733887,0.8045085072517395,0.8191972970962524,0.7973045706748962,0.8614815473556519,0.7967065572738647,0.8696482181549072,0.8308913707733154,0.752120316028595,0.8389104008674622,0.8122115135192871,0.8281083106994629,0.852648138999939,0.8248993754386902,0.8694473505020142,0.8660233616828918,0.7774296998977661,0.8778049945831299,0.7843529582023621,0.8858566284179688,0.7805914878845215,0.8994184732437134,0.7734090685844421,,
