Etapa,Sinal
0.8422030210494995,0.9152540564537048,0.7936477065086365,0.9488982558250427,0.7395366430282593,0.9605546593666077,0.6921266317367554,0.9660903215408325,0.6441695094108582,0.9627569913864136,0.7827419638633728,0.8695327639579773,0.8069929480552673,0.9771166443824768,0.8085548877716064,1.0408859252929688,0.8056743741035461,1.0727416276931763,0.8330941200256348,0.8555446267127991,0.8494589924812317,0.9856074452400208,0.8521309494972229,1.0515906810760498,0.8572368025779724,1.0938197374343872,0.8767110705375671,0.8613074421882629,0.8927838206291199,0.9740128517150879,0.8967509865760803,1.0356426239013672,0.9016249179840088,1.0801995992660522,0.9106161594390869,0.8786349892616272,0.9343642592430115,0.9441667199134827,0.9499276876449585,0.9765108823776245,0.9647231101989746,0.9996843934059143,,
