Etapa,Sinal
0.8220852613449097,0.9473917484283447,0.769267201423645,0.9414209127426147,0.7144566178321838,0.9024664163589478,0.6682329177856445,0.880496621131897,0.6257439255714417,0.8668999671936035,0.7508410215377808,0.7825124263763428,0.762205958366394,0.8625829815864563,0.7662577629089355,0.9065577983856201,0.7697404026985168,0.9138861894607544,0.796027421951294,0.7777742147445679,0.8057584166526794,0.8816708922386169,0.794253408908844,0.9187919497489929,0.7917690873146057,0.9173570275306702,0.8369213938713074,0.7970142364501953,0.8408753275871277,0.8775659799575806,0.8251570463180542,0.9169765114784241,0.8202955722808838,0.9317980408668518,0.8678768873214722,0.8257421255111694,0.8835304975509644,0.8409149646759033,0.9007266759872437,0.8358194828033447,0.9245365858078003,0.8279147744178772,,
