Etapa,Sinal
0.4111228585243225,0.9513965249061584,0.45253312587738037,0.953249454498291,0.49462175369262695,0.9405115842819214,0.5318326950073242,0.9310944676399231,0.5682640671730042,0.9233150482177734,0.48257681727409363,0.8573184013366699,0.4897131621837616,0.9388557076454163,0.4865616261959076,0.9532209038734436,0.4830847382545471,0.9400123953819275,0.4438166320323944,0.8509920239448547,0.45922034978866577,0.9456455111503601,0.45706212520599365,0.9572323560714722,0.4520218074321747,0.9390812516212463,0.4088435471057892,0.8588131070137024,0.423557311296463,0.9394329786300659,0.4242177903652191,0.9557884931564331,0.42099055647850037,0.9484082460403442,0.3756044805049896,0.8746814727783203,0.38826894760131836,0.9237985610961914,0.3934451937675476,0.9421993494033813,0.3951685428619385,0.9460994005203247,,
