Etapa,Sinal
0.8350568413734436,0.8239599466323853,0.8691472411155701,0.8363209366798401,0.9032729864120483,0.8583961129188538,0.9213517308235168,0.9032527208328247,0.9246395826339722,0.947906494140625,0.9153630137443542,0.7824267148971558,0.9661348462104797,0.8466553688049316,0.9992126226425171,0.88779616355896,1.0175139904022217,0.9078176617622375,0.8921546936035156,0.7655609846115112,0.9346819519996643,0.8927279710769653,0.921497642993927,0.9525232911109924,0.9020022749900818,0.9644957184791565,0.86253422498703,0.7749860286712646,0.9021992087364197,0.9018236994743347,0.8887823820114136,0.9381207823753357,0.8702926635742188,0.9297406673431396,0.8338077068328857,0.7960578799247742,0.8681010603904724,0.8946744799613953,0.8647371530532837,0.9249313473701477,0.852319061756134,0.9219650626182556,,
