Etapa,Sinal
0.3228330612182617,0.9360249638557434,0.3838098645210266,0.923399031162262,0.45374149084091187,0.9093502163887024,0.508558988571167,0.8975142240524292,0.5547047257423401,0.8840112686157227,0.43834394216537476,0.8509547114372253,0.46066996455192566,0.8897321820259094,0.4497683048248291,0.9056618809700012,0.44647902250289917,0.9005715250968933,0.40301191806793213,0.8724862337112427,0.4349740147590637,0.9140154719352722,0.42370733618736267,0.9222297072410583,0.41316887736320496,0.9125555157661438,0.36757591366767883,0.9028323292732239,0.4042903184890747,0.9342610836029053,0.39051154255867004,0.9413996934890747,0.37920254468917847,0.9387096166610718,0.33783233165740967,0.9355810880661011,0.37214726209640503,0.9620501399040222,0.36335068941116333,0.9635218381881714,0.3522166609764099,0.9594245553016663,,
