Etapa,Sinal
0.8363590240478516,0.9435760974884033,0.7815214395523071,0.9557364583015442,0.7229662537574768,0.9372223019599915,0.6747893691062927,0.9237686991691589,0.6288267970085144,0.9155706763267517,0.7407920956611633,0.806746780872345,0.7502636909484863,0.8821027278900146,0.7649979591369629,0.9235076904296875,0.7721406817436218,0.9332413077354431,0.7837082743644714,0.7935215830802917,0.793584942817688,0.8891233205795288,0.7972613573074341,0.9357266426086426,0.8010303974151611,0.9483140110969543,0.8260126709938049,0.805785059928894,0.8318830728530884,0.8811563849449158,0.8296188116073608,0.9318580627441406,0.8291653394699097,0.9576036930084229,0.8613280057907104,0.831445038318634,0.8728644251823425,0.8337525129318237,0.8812816739082336,0.8196351528167725,0.8897922039031982,0.8024939894676208,,
