Etapa,Sinal
0.38971203565597534,0.9103628993034363,0.4335401952266693,0.9282136559486389,0.47545114159584045,0.939945638179779,0.5072886347770691,0.9402231574058533,0.5430663228034973,0.9377180933952332,0.4538399577140808,0.8679377436637878,0.4683794677257538,0.9530962109565735,0.4712902307510376,0.964885413646698,0.46996697783470154,0.952683687210083,0.4142465889453888,0.8641720414161682,0.4341326951980591,0.9673766493797302,0.43680575489997864,0.9654271602630615,0.4348556101322174,0.9444930553436279,0.3808140158653259,0.8724938631057739,0.3982990086078644,0.9647139310836792,0.4029790759086609,0.9619965553283691,0.4043901264667511,0.9445801973342896,0.3541719913482666,0.8866435885429382,0.36555948853492737,0.9545559883117676,0.3732607364654541,0.9513853788375854,0.37499913573265076,0.9340694546699524,,
