Etapa,Sinal
0.8221730589866638,0.8346507549285889,0.75273597240448,0.8266623616218567,0.6905664801597595,0.7807567119598389,0.6403311491012573,0.7501484751701355,0.5940084457397461,0.7347372770309448,0.7123457789421082,0.6524878740310669,0.7165736556053162,0.7257097959518433,0.7351788878440857,0.7756097912788391,0.7485843300819397,0.794836699962616,0.75661301612854,0.6434518694877625,0.7607857584953308,0.7308548092842102,0.7650427222251892,0.779699444770813,0.7722722887992859,0.7994074821472168,0.8017992973327637,0.6593424677848816,0.8016672134399414,0.7286224961280823,0.7963808178901672,0.7772811651229858,0.7972918152809143,0.8035991191864014,0.8420619964599609,0.6873531937599182,0.8449769020080566,0.699917197227478,0.8421719074249268,0.7037463784217834,0.8441186547279358,0.7031509280204773,,
