Etapa,Sinal
0.7866963148117065,0.9670841693878174,0.7100293040275574,0.9352493286132812,0.6544035077095032,0.9014750719070435,0.6072429418563843,0.8720460534095764,0.5655165314674377,0.8504515290260315,0.6425802111625671,0.7470558881759644,0.6143720149993896,0.8180325031280518,0.6201661229133606,0.8907882571220398,0.6285642981529236,0.9354913234710693,0.6758012771606445,0.738470196723938,0.6488832235336304,0.8501101136207581,0.653194010257721,0.92359858751297,0.6584954261779785,0.9591487646102905,0.7127601504325867,0.750571608543396,0.686930239200592,0.8535759449005127,0.6805446147918701,0.9238585233688354,0.6790833473205566,0.9640019536018372,0.7476416826248169,0.7795097231864929,0.7367405891418457,0.818349301815033,0.7288865447044373,0.8379085659980774,0.7236776947975159,0.8445543646812439,,
