Etapa,Sinal
0.31653648614883423,0.963654637336731,0.36696523427963257,0.9341356754302979,0.4092117249965668,0.9115155935287476,0.44837313890457153,0.9051179885864258,0.49324941635131836,0.9034095406532288,0.37504076957702637,0.7997939586639404,0.41994282603263855,0.8819710612297058,0.4278538227081299,0.9578951597213745,0.4297737181186676,1.0111218690872192,0.3270830810070038,0.8141043186187744,0.3814476430416107,0.9058564305305481,0.39351654052734375,0.985133945941925,0.39809930324554443,1.034364104270935,0.2861582040786743,0.851857602596283,0.3346080780029297,0.922953724861145,0.3514973521232605,0.9898819923400879,0.36009180545806885,1.03108549118042,0.2545996606349945,0.897861659526825,0.2731582522392273,0.9128702282905579,0.29081761837005615,0.9221506118774414,0.305623322725296,0.9272154569625854,,
