Etapa,Sinal
0.2927647829055786,0.9633010625839233,0.36206042766571045,0.9355113506317139,0.41640645265579224,0.8787717819213867,0.4584044814109802,0.843951940536499,0.5014313459396362,0.8230578303337097,0.38036680221557617,0.7548416256904602,0.413504958152771,0.8302257657051086,0.4023669362068176,0.8899409770965576,0.3879871964454651,0.9181670546531677,0.34246352314949036,0.7556328773498535,0.38143470883369446,0.8401166200637817,0.3708803951740265,0.906516432762146,0.3595035970211029,0.9383865594863892,0.3063872754573822,0.7794726490974426,0.3441183269023895,0.841454803943634,0.342481791973114,0.9114027619361877,0.33903560042381287,0.9459618926048279,0.27469563484191895,0.8185349702835083,0.2925587296485901,0.8013583421707153,0.3056470453739166,0.7935999035835266,0.32121074199676514,0.7825066447257996,,
