Etapa,Sinal
0.2886696755886078,0.9432178735733032,0.3552578389644623,0.9220191240310669,0.4052797555923462,0.8771651983261108,0.4500710368156433,0.8479477763175964,0.4973785877227783,0.8262855410575867,0.3759133219718933,0.7570086717605591,0.39574041962623596,0.8446156978607178,0.3913007974624634,0.9035236835479736,0.3822486102581024,0.9387907981872559,0.3340286612510681,0.7613961696624756,0.3607001006603241,0.8527904748916626,0.35912567377090454,0.9171212911605835,0.352655827999115,0.9541576504707336,0.2941891551017761,0.7908149361610413,0.3155294954776764,0.8561198115348816,0.3242739140987396,0.9191380739212036,0.3278926908969879,0.955542802810669,0.2608779966831207,0.8345736265182495,0.2559221684932709,0.8465944528579712,0.257337749004364,0.8523815274238586,0.2593863606452942,0.8514575362205505,,
