Etapa,Sinal
0.3203810155391693,0.9519602656364441,0.3726663291454315,0.9406596422195435,0.41919583082199097,0.9047572016716003,0.46007493138313293,0.8765418529510498,0.5072716474533081,0.8548905253410339,0.395516037940979,0.7899923920631409,0.41734540462493896,0.8970403075218201,0.41606366634368896,0.9625803232192993,0.4110950827598572,1.002663493156433,0.3497168719768524,0.7953711748123169,0.37759071588516235,0.9133362770080566,0.3789893090724945,0.9837139844894409,0.37600260972976685,1.027459979057312,0.3076092600822449,0.8230133652687073,0.33390963077545166,0.9235930442810059,0.3418193757534027,0.9929579496383667,0.34500110149383545,1.037024736404419,0.27370205521583557,0.8638117909431458,0.2843128740787506,0.9171890020370483,0.28756099939346313,0.9510008692741394,0.2872841954231262,0.9734017848968506,,
