Etapa,Sinal
0.7565124034881592,0.9057964086532593,0.6998925805091858,0.8936465978622437,0.6425675749778748,0.858045220375061,0.5912540555000305,0.8387053608894348,0.5440874099731445,0.8319182395935059,0.683358371257782,0.7377175092697144,0.6920290589332581,0.8106569647789001,0.6970547437667847,0.8600466847419739,0.701062023639679,0.8765127658843994,0.7298973202705383,0.7325145602226257,0.734000027179718,0.835648238658905,0.7245681881904602,0.8836788535118103,0.7209750413894653,0.8978135585784912,0.7709999084472656,0.7493762373924255,0.7684372663497925,0.8395962715148926,0.7544370293617249,0.8830744624137878,0.7464877963066101,0.9009292721748352,0.8020269870758057,0.7770128846168518,0.8042976260185242,0.8238641619682312,0.8050170540809631,0.8405877351760864,0.8100650906562805,0.8452191352844238,,
