Etapa,Sinal
0.7936739921569824,0.9059829711914062,0.7475720643997192,0.9294962286949158,0.7071276307106018,0.9432594180107117,0.6727369427680969,0.9481635093688965,0.6343131065368652,0.9552064538002014,0.7390438914299011,0.8400651216506958,0.7432993054389954,0.9149072766304016,0.7487807869911194,0.9599409699440002,0.7541810870170593,0.9781894683837891,0.7905954122543335,0.8366027474403381,0.7930126786231995,0.9462028741836548,0.7955631613731384,0.9998078346252441,0.8011663556098938,1.029452919960022,0.8322535157203674,0.8515921235084534,0.8335466980934143,0.9516587853431702,0.8353294134140015,0.9989148378372192,0.8382904529571533,1.0274591445922852,0.8605296015739441,0.8743196129798889,0.8699358105659485,0.9382250905036926,0.8759098052978516,0.966301679611206,0.8807456493377686,0.9804810881614685,,
