Etapa,Sinal
0.34270456433296204,0.9436493515968323,0.3854924738407135,0.9409310817718506,0.42601293325424194,0.9317655563354492,0.4690360426902771,0.9275918006896973,0.5169112682342529,0.9256340861320496,0.4014880061149597,0.8307933807373047,0.42962414026260376,0.9297710657119751,0.4324517250061035,0.997084379196167,0.4327312111854553,1.0377410650253296,0.3558299243450165,0.8370725512504578,0.3895954489707947,0.9518595933914185,0.39923909306526184,1.019380807876587,0.40190938115119934,1.05790376663208,0.3157067894935608,0.8625608086585999,0.34625792503356934,0.9579662084579468,0.3555847108364105,1.0149035453796387,0.35713398456573486,1.0466742515563965,0.28284579515457153,0.8960959315299988,0.2945370674133301,0.9475205540657043,0.2976478338241577,0.9781707525253296,0.29425978660583496,0.9955917596817017,,
