Etapa,Sinal
0.33323031663894653,0.8705685138702393,0.37520286440849304,0.8726660013198853,0.4079524874687195,0.8923170566558838,0.4343388080596924,0.9236159920692444,0.4544505178928375,0.9562810659408569,0.390382319688797,0.8224295377731323,0.41657552123069763,0.924608051776886,0.41739386320114136,0.9423239827156067,0.41406071186065674,0.9314839839935303,0.34561246633529663,0.8342083692550659,0.37700048089027405,0.9444450736045837,0.3765476942062378,0.9549224376678467,0.37044286727905273,0.9391584396362305,0.30527758598327637,0.8574215173721313,0.32773664593696594,0.9493399858474731,0.330779105424881,0.9637343883514404,0.32825547456741333,0.9532483816146851,0.27386170625686646,0.8821623921394348,0.27786576747894287,0.9434749484062195,0.276685506105423,0.9517625570297241,0.27116677165031433,0.9431462287902832,,
