Etapa,Sinal
0.7156510353088379,0.923257052898407,0.6687245965003967,0.9327619075775146,0.6163944602012634,0.9169617891311646,0.5707182884216309,0.9074490666389465,0.5265942215919495,0.9054120779037476,0.6372280120849609,0.7826956510543823,0.6622056365013123,0.8837328553199768,0.6716114282608032,0.9402731657028198,0.6713672876358032,0.9555861949920654,0.6842492818832397,0.7718722224235535,0.7046092748641968,0.887844443321228,0.6979541778564453,0.943239688873291,0.6919703483581543,0.9606637358665466,0.7272573113441467,0.7858091592788696,0.7428464889526367,0.876893162727356,0.7303776144981384,0.9317877888679504,0.7198417782783508,0.9610568284988403,0.7605544328689575,0.8140122890472412,0.7827348113059998,0.8311835527420044,0.8055960536003113,0.8311702609062195,0.8299517035484314,0.8298933506011963,,
