Etapa,Sinal
0.8047322034835815,0.7934532165527344,0.7459312677383423,0.7997578382492065,0.6870847344398499,0.770591139793396,0.6375277638435364,0.7482126355171204,0.5900756120681763,0.7382977604866028,0.7056847214698792,0.6534184813499451,0.7263743281364441,0.7252627611160278,0.7448142766952515,0.7697197794914246,0.7555629014968872,0.7909272313117981,0.7487907409667969,0.6356780529022217,0.7684972882270813,0.7260795831680298,0.7699968814849854,0.7733701467514038,0.7719972729682922,0.8013490438461304,0.7918290495872498,0.6429182291030884,0.8018167614936829,0.7078579068183899,0.7991704940795898,0.7605754733085632,0.7982119917869568,0.7972275018692017,0.8293007612228394,0.6636682152748108,0.8400927782058716,0.658867359161377,0.8464370369911194,0.6499764323234558,0.8528493642807007,0.6408539414405823,,
