Etapa,Sinal
0.7551107406616211,0.9111131429672241,0.6948498487472534,0.905780017375946,0.6405197381973267,0.8745167851448059,0.5902194976806641,0.8527858853340149,0.5435277223587036,0.8423881530761719,0.6680853962898254,0.7633545398712158,0.6725096106529236,0.7782727479934692,0.6898269653320312,0.8329722881317139,0.7040231823921204,0.8718931078910828,0.7136983275413513,0.7517979741096497,0.7172865271568298,0.769525408744812,0.7237200736999512,0.8328695893287659,0.7304131388664246,0.883324921131134,0.7547784447669983,0.7615447640419006,0.754461944103241,0.7692567706108093,0.7561448216438293,0.8331940174102783,0.7602300643920898,0.8846592307090759,0.7922782897949219,0.784259557723999,0.8025393486022949,0.7632828950881958,0.8099772930145264,0.7597228288650513,0.817902147769928,0.7608479261398315,,
