Etapa,Sinal
0.8073599338531494,0.8021376132965088,0.7435487508773804,0.7997496724128723,0.6860805153846741,0.764964759349823,0.635576605796814,0.7431513071060181,0.5864364504814148,0.7373095154762268,0.7030360698699951,0.6330959796905518,0.7218608260154724,0.7060449719429016,0.7396286129951477,0.7565685510635376,0.7484083771705627,0.783862829208374,0.7457422018051147,0.6217883825302124,0.7628385424613953,0.7110639214515686,0.7683570384979248,0.7661577463150024,0.7744354605674744,0.8006242513656616,0.7884215712547302,0.6343183517456055,0.7994581460952759,0.7057608366012573,0.796765148639679,0.7701517343521118,0.7968301773071289,0.8133055567741394,0.8254299163818359,0.6609630584716797,0.8358360528945923,0.6501573324203491,0.8446871638298035,0.6286331415176392,0.8543341159820557,0.6054083704948425,,
