Etapa,Sinal
0.8169206976890564,0.8026539087295532,0.7509757280349731,0.8147345185279846,0.6898605823516846,0.7946903705596924,0.6422851085662842,0.7760270833969116,0.5996179580688477,0.7605695724487305,0.7049687504768372,0.6664999127388,0.7183766961097717,0.7418460249900818,0.7366229295730591,0.7837008237838745,0.7494585514068604,0.7956178784370422,0.7460088133811951,0.6508529186248779,0.7611162066459656,0.7486132383346558,0.7657511234283447,0.7919687628746033,0.7726053595542908,0.8068296909332275,0.7866142988204956,0.6586509943008423,0.7975856065750122,0.7483247518539429,0.7977725267410278,0.8035131096839905,0.8013054728507996,0.8342417478561401,0.8220019936561584,0.6796571612358093,0.8302083611488342,0.7036546468734741,0.8359518051147461,0.7010592818260193,0.8443918228149414,0.6952484250068665,,
