Etapa,Sinal
0.8098723292350769,0.812050998210907,0.749505877494812,0.8242679834365845,0.6942079067230225,0.8097352385520935,0.6487626433372498,0.7967099547386169,0.6048506498336792,0.787362277507782,0.7024579644203186,0.6827109456062317,0.7152942419052124,0.7491413950920105,0.7348019480705261,0.78697669506073,0.7450399398803711,0.8012766242027283,0.7441238164901733,0.6679439544677734,0.7612151503562927,0.7617711424827576,0.7674276828765869,0.8077540993690491,0.7724950313568115,0.8323656916618347,0.7861119508743286,0.6758306622505188,0.7963082790374756,0.7623352408409119,0.7954757213592529,0.8186713457107544,0.7971748113632202,0.8576615452766418,0.8225593566894531,0.6990852355957031,0.8308283090591431,0.7136735916137695,0.8358283638954163,0.7053523659706116,0.8428822755813599,0.6988503336906433,,
