Etapa,Sinal
0.798912763595581,0.7791633605957031,0.7320871949195862,0.7966020703315735,0.669091522693634,0.7847157716751099,0.6184636354446411,0.7779417634010315,0.5744467377662659,0.76978999376297,0.6633562445640564,0.6831592321395874,0.6706661581993103,0.7821077108383179,0.6946046352386475,0.8163594603538513,0.7086305618286133,0.8146705627441406,0.7059192061424255,0.6706896424293518,0.7132715582847595,0.7821424007415771,0.7240927219390869,0.8117208480834961,0.7312586307525635,0.8119062781333923,0.7508440017700195,0.6770528554916382,0.7544182538986206,0.7823825478553772,0.7593461871147156,0.8302227258682251,0.7658320069313049,0.8529817461967468,0.7907342314720154,0.6955309510231018,0.7915565371513367,0.750295877456665,0.7962971925735474,0.7765582203865051,0.8035317659378052,0.7902792096138,,
