Etapa,Sinal
0.3904919922351837,0.9009593725204468,0.43328842520713806,0.89498370885849,0.4675799608230591,0.8923851251602173,0.4864910840988159,0.9083097577095032,0.49018868803977966,0.9282064437866211,0.448194682598114,0.8638448119163513,0.4799628257751465,0.9184479117393494,0.4806712865829468,0.934935450553894,0.47690877318382263,0.9380577802658081,0.41498932242393494,0.8749356865882874,0.44480881094932556,0.9455362558364868,0.4447857737541199,0.9538204073905945,0.44016286730766296,0.9495802521705627,0.3868017792701721,0.895470380783081,0.41007569432258606,0.9675410985946655,0.4137643575668335,0.9716717004776001,0.41166600584983826,0.9642087817192078,0.3620588183403015,0.9197356700897217,0.37500786781311035,0.9764423370361328,0.3818097710609436,0.9875017404556274,0.3857156038284302,0.9892617464065552,,
