Etapa,Sinal
0.34308922290802,0.9190143942832947,0.41231098771095276,0.9323719143867493,0.48974305391311646,0.9323526620864868,0.5480565428733826,0.9297279715538025,0.5991396307945251,0.9140391945838928,0.4991099536418915,0.8415015339851379,0.504706084728241,0.9703930616378784,0.48279625177383423,0.9702537059783936,0.47681570053100586,0.933678150177002,0.454464316368103,0.8351893424987793,0.4665139317512512,0.9799606204032898,0.445894718170166,0.9641140699386597,0.4407561421394348,0.9232618808746338,0.4063689708709717,0.8467221856117249,0.419333279132843,0.9741936326026917,0.4031905233860016,0.9644694328308105,0.39917466044425964,0.932149350643158,0.3595823049545288,0.8643741011619568,0.3782914876937866,0.9601250290870667,0.37709081172943115,0.9586341381072998,0.3724749982357025,0.9329184293746948,,
