Etapa,Sinal
0.42323780059814453,0.6819912791252136,0.45245954394340515,0.621008574962616,0.4515514373779297,0.543326735496521,0.4408595561981201,0.4867556095123291,0.4381929039955139,0.4415905475616455,0.39735740423202515,0.5112565755844116,0.3581734299659729,0.4638959765434265,0.33084601163864136,0.43590572476387024,0.30507010221481323,0.4138491153717041,0.3792175352573395,0.5343063473701477,0.3358609080314636,0.48306095600128174,0.30430132150650024,0.45082563161849976,0.27547526359558105,0.4239650368690491,0.37005314230918884,0.5676575303077698,0.3303736448287964,0.5200719237327576,0.3033774793148041,0.4910293221473694,0.27793481945991516,0.4639502167701721,0.3659651577472687,0.6095804572105408,0.3376982510089874,0.5786770582199097,0.31972837448120117,0.5558282136917114,0.3023252785205841,0.5324583649635315,,
