Etapa,Sinal
0.3660415709018707,0.7232794761657715,0.40086042881011963,0.6602544784545898,0.4064476490020752,0.5849518179893494,0.3962007462978363,0.5240910649299622,0.39662837982177734,0.47275760769844055,0.36869773268699646,0.5372271537780762,0.3502654433250427,0.4711574614048004,0.3349893391132355,0.43468743562698364,0.32002100348472595,0.4029555916786194,0.34858858585357666,0.552665650844574,0.32503533363342285,0.4799790680408478,0.3082359731197357,0.4385613799095154,0.2923330068588257,0.40199926495552063,0.3339282274246216,0.581832230091095,0.30987271666526794,0.5170488953590393,0.2955006957054138,0.4802224636077881,0.282548189163208,0.4452933669090271,0.32218068838119507,0.6229152679443359,0.3034513592720032,0.5807315707206726,0.29530927538871765,0.5551761388778687,0.287616491317749,0.5292865633964539,,
