Etapa,Sinal
0.3667789101600647,0.7169179916381836,0.39383384585380554,0.6486101746559143,0.3955766558647156,0.5728006958961487,0.3778497874736786,0.5182289481163025,0.3697551488876343,0.4689851999282837,0.34078583121299744,0.5346379280090332,0.3056429922580719,0.4797934889793396,0.2813202142715454,0.44955745339393616,0.2587481439113617,0.4232032299041748,0.3192620873451233,0.5577846765518188,0.2772163450717926,0.499591588973999,0.24929624795913696,0.4630732834339142,0.22352123260498047,0.4288562536239624,0.30625084042549133,0.5903913378715515,0.2634948492050171,0.5383725762367249,0.23867681622505188,0.5049923062324524,0.21623697876930237,0.4719942808151245,0.2984590530395508,0.6314679384231567,0.2656188905239105,0.5950441956520081,0.24825097620487213,0.570011556148529,0.2316666692495346,0.5432291626930237,,
