Etapa,Sinal
0.3859733045101166,0.7069101333618164,0.41769149899482727,0.6486503481864929,0.4192584455013275,0.5758559703826904,0.40833595395088196,0.5217591524124146,0.4084413945674896,0.4781511425971985,0.37797778844833374,0.5288920998573303,0.3549499809741974,0.4723565876483917,0.33815518021583557,0.44065728783607483,0.32238245010375977,0.41246724128723145,0.35814470052719116,0.5433135032653809,0.33076393604278564,0.4802393913269043,0.3115508556365967,0.4424687922000885,0.29325565695762634,0.40899938344955444,0.3440421223640442,0.5700075030326843,0.31704360246658325,0.5101475119590759,0.3001454174518585,0.4760684072971344,0.28345197439193726,0.4448002278804779,0.3326079845428467,0.6074501276016235,0.3126099705696106,0.5678133964538574,0.3000491261482239,0.5417032837867737,0.2865128815174103,0.5170313119888306,,
