Etapa,Sinal
0.3538099527359009,0.7053356170654297,0.3865576386451721,0.6402673721313477,0.3879753053188324,0.5688177347183228,0.3771752715110779,0.5123268961906433,0.3751527965068817,0.4632778465747833,0.3407973349094391,0.5158355236053467,0.313994824886322,0.4524937868118286,0.29457905888557434,0.4189207851886749,0.2763209640979767,0.3887920081615448,0.3195607364177704,0.532951831817627,0.2897704243659973,0.46502572298049927,0.2665858864784241,0.4257873594760895,0.24391068518161774,0.3905377984046936,0.30507808923721313,0.5624964833259583,0.2762904465198517,0.4980878233909607,0.25745001435279846,0.4610747694969177,0.23954220116138458,0.42795342206954956,0.2945689260959625,0.6025148034095764,0.2723010778427124,0.5574383735656738,0.26031002402305603,0.5265156626701355,0.24828976392745972,0.4970497190952301,,
