Etapa,Sinal
0.35650068521499634,0.7253624796867371,0.38036295771598816,0.6623805165290833,0.3742164075374603,0.5936858057975769,0.3552549481391907,0.5451583862304688,0.34588927030563354,0.5017932653427124,0.3212794065475464,0.5595518946647644,0.2877042889595032,0.5085991024971008,0.2650531530380249,0.4811011552810669,0.24382519721984863,0.4575035274028778,0.3001090884208679,0.5816435217857361,0.26167142391204834,0.525846004486084,0.23517221212387085,0.4927511215209961,0.21105694770812988,0.464860737323761,0.2875296175479889,0.6127301454544067,0.24937576055526733,0.5622068643569946,0.22570639848709106,0.5305171608924866,0.20422416925430298,0.501141369342804,0.2801876366138458,0.6526632308959961,0.24998043477535248,0.6174435019493103,0.23244424164295197,0.5921614170074463,0.21529121696949005,0.5664628148078918,,
