Etapa,Sinal
0.34738820791244507,0.711175262928009,0.3732931315898895,0.6504348516464233,0.3712438941001892,0.5811985731124878,0.35570353269577026,0.5284286737442017,0.34881332516670227,0.48048290610313416,0.31799307465553284,0.5371569395065308,0.28769657015800476,0.4788784384727478,0.2651156783103943,0.44694074988365173,0.24370118975639343,0.420784056186676,0.29554200172424316,0.5582157969474792,0.25924181938171387,0.49617502093315125,0.23419061303138733,0.4596743583679199,0.21136070787906647,0.42881762981414795,0.28133517503738403,0.590157151222229,0.24500799179077148,0.5338039398193359,0.22325822710990906,0.4991645812988281,0.20390640199184418,0.4670543670654297,0.27167052030563354,0.6319845914840698,0.24311894178390503,0.5922990441322327,0.22814925014972687,0.5647878646850586,0.2145211100578308,0.537119448184967,,
