Etapa,Sinal
0.3394441306591034,0.752769947052002,0.359057754278183,0.6945577263832092,0.3521004915237427,0.6297550201416016,0.3317115008831024,0.5823240280151367,0.32121551036834717,0.5381376147270203,0.2937474548816681,0.5996078252792358,0.2532974183559418,0.5496760606765747,0.22759060561656952,0.5250852704048157,0.2044517695903778,0.502903163433075,0.27323663234710693,0.6255508661270142,0.22573286294937134,0.5710810422897339,0.19516287744045258,0.5406367778778076,0.16887734830379486,0.5131927132606506,0.2626870572566986,0.6601619720458984,0.2172936499118805,0.6134322285652161,0.19060857594013214,0.5834822654724121,0.1681552231311798,0.5546077489852905,0.2578315734863281,0.7022889256477356,0.2229539155960083,0.6711475849151611,0.2029048204421997,0.6470539569854736,0.18450221419334412,0.6222922205924988,,
