Etapa,Sinal
0.34815073013305664,0.70882648229599,0.37437522411346436,0.652790367603302,0.3717591166496277,0.5801158547401428,0.3568587005138397,0.5272034406661987,0.35026639699935913,0.48243391513824463,0.32247477769851685,0.5393354296684265,0.29505789279937744,0.48374536633491516,0.27500730752944946,0.4519195258617401,0.2559182643890381,0.4248184859752655,0.3015803098678589,0.5577605962753296,0.2689928114414215,0.497545063495636,0.2455640733242035,0.45882880687713623,0.22448401153087616,0.42554783821105957,0.2877771258354187,0.5875806212425232,0.25277864933013916,0.5329518914222717,0.2325490117073059,0.49702754616737366,0.215276300907135,0.46463507413864136,0.27825480699539185,0.6270833015441895,0.2508698105812073,0.589320182800293,0.2359960377216339,0.5626189708709717,0.22282394766807556,0.5369877815246582,,
