Etapa,Sinal
0.3256976008415222,0.7447659373283386,0.34479689598083496,0.6863812804222107,0.3346158266067505,0.6206090450286865,0.30886659026145935,0.5733939409255981,0.29726672172546387,0.530107855796814,0.2742253243923187,0.5989705920219421,0.23246431350708008,0.5560717582702637,0.20806589722633362,0.5380412340164185,0.18490684032440186,0.5208784937858582,0.25279831886291504,0.6283499598503113,0.2054261863231659,0.5781165361404419,0.1761048138141632,0.5517269968986511,0.15074755251407623,0.5275697708129883,0.24232728779315948,0.6639743447303772,0.19732341170310974,0.6220767498016357,0.1683749258518219,0.596179187297821,0.14329493045806885,0.5687376856803894,0.23831802606582642,0.7068567276000977,0.20376013219356537,0.6799914240837097,0.18353323638439178,0.6603789329528809,0.16474750638008118,0.6372474431991577,,
