Etapa,Sinal
0.35332825779914856,0.6936407685279846,0.37989646196365356,0.638619601726532,0.3771503269672394,0.5676368474960327,0.36238935589790344,0.5159046649932861,0.3561760187149048,0.4710698127746582,0.3269289433956146,0.5265249013900757,0.29942187666893005,0.4721526801586151,0.278778612613678,0.43983209133148193,0.25957295298576355,0.4127177298069,0.3057754337787628,0.5457393527030945,0.2733212411403656,0.48643994331359863,0.24933026731014252,0.44753462076187134,0.22809988260269165,0.41458114981651306,0.29205548763275146,0.5766047239303589,0.25790613889694214,0.5206934809684753,0.23672647774219513,0.4849576950073242,0.21845322847366333,0.4526253640651703,0.2829468846321106,0.617324948310852,0.25611960887908936,0.5786526799201965,0.24012941122055054,0.5516128540039062,0.2256729006767273,0.5255277752876282,,
