Etapa,Sinal
0.3838963210582733,0.7105329036712646,0.4113192558288574,0.6429667472839355,0.4064862132072449,0.567886471748352,0.3904835879802704,0.509528636932373,0.3834860026836395,0.458493709564209,0.35865849256515503,0.5322527885437012,0.32281675934791565,0.4754987359046936,0.29838109016418457,0.4462377429008484,0.2757537364959717,0.42147713899612427,0.34189629554748535,0.5540907979011536,0.2995186448097229,0.4930640161037445,0.27174198627471924,0.4585983455181122,0.2459588497877121,0.4297029972076416,0.3329720199108124,0.5868980288505554,0.29443612694740295,0.5332255363464355,0.27162280678749084,0.49991387128829956,0.25070416927337646,0.4701404869556427,0.32917022705078125,0.6284915804862976,0.3021669089794159,0.5896567106246948,0.28781506419181824,0.5628458857536316,0.27403318881988525,0.5372874736785889,,
