Etapa,Sinal
0.28931838274002075,0.7789018154144287,0.30107417702674866,0.7211606502532959,0.28265807032585144,0.6647523045539856,0.25208580493927,0.6262940168380737,0.23926636576652527,0.5800856947898865,0.21009951829910278,0.6421005129814148,0.15889090299606323,0.6045569181442261,0.12629778683185577,0.586551308631897,0.0988309383392334,0.5710655450820923,0.1909157782793045,0.6738459467887878,0.13308706879615784,0.6332166194915771,0.09605935961008072,0.6085793375968933,0.06623386591672897,0.5871405005455017,0.18386900424957275,0.7093709707260132,0.12919119000434875,0.6735890507698059,0.0950697734951973,0.6511532664299011,0.06733306497335434,0.6295915246009827,0.1847517192363739,0.7507004141807556,0.14199811220169067,0.7273611426353455,0.11747731268405914,0.7091734409332275,0.09576483815908432,0.6891750693321228,,
