Etapa,Sinal
0.36177998781204224,0.7742106318473816,0.3879077136516571,0.7213521003723145,0.3842413127422333,0.6509385108947754,0.36552464962005615,0.5945952534675598,0.36208420991897583,0.5446250438690186,0.3267877399921417,0.6031902432441711,0.29410359263420105,0.5455558896064758,0.27162837982177734,0.5128673315048218,0.25162699818611145,0.4843868017196655,0.30114680528640747,0.6215438842773438,0.26378193497657776,0.5577777028083801,0.23879274725914001,0.5169335603713989,0.2179476022720337,0.4816332161426544,0.2849518656730652,0.6508987545967102,0.2473522424697876,0.593116044998169,0.22636976838111877,0.5545217394828796,0.20892512798309326,0.5192517638206482,0.273987352848053,0.6909939646720886,0.24418868124485016,0.6493164300918579,0.2285364866256714,0.6200881600379944,0.21503561735153198,0.5904855132102966,,
