Etapa,Sinal
0.3219258189201355,0.7816150188446045,0.34728285670280457,0.724682092666626,0.3454919755458832,0.6757810711860657,0.32339540123939514,0.6408295631408691,0.3045664429664612,0.6043446660041809,0.27781999111175537,0.6521362662315369,0.22792579233646393,0.6189667582511902,0.201085165143013,0.6079979538917542,0.1762310266494751,0.5962557196617126,0.2558249235153198,0.6829253435134888,0.2007722407579422,0.6423007845878601,0.16841404139995575,0.6226636171340942,0.139183908700943,0.6053779721260071,0.24666783213615417,0.7192328572273254,0.20148588716983795,0.6912597417831421,0.17237035930156708,0.669288158416748,0.1448870450258255,0.6484682559967041,0.2453525811433792,0.7603729963302612,0.21183477342128754,0.74615478515625,0.191411092877388,0.7299940586090088,0.17177686095237732,0.7116696834564209,,
