Etapa,Sinal
0.3151927590370178,0.8605386018753052,0.34260714054107666,0.7893970012664795,0.3401777148246765,0.7050999999046326,0.31648391485214233,0.6469969749450684,0.30280405282974243,0.5945034623146057,0.27315205335617065,0.6691421270370483,0.22099150717258453,0.599725067615509,0.18973442912101746,0.5700822472572327,0.16576632857322693,0.5497183799743652,0.24655291438102722,0.7024165391921997,0.19717971980571747,0.636416494846344,0.1634211540222168,0.602162778377533,0.13610468804836273,0.5759803652763367,0.23094849288463593,0.7481764554977417,0.18246184289455414,0.6928766965866089,0.1500380039215088,0.6580022573471069,0.12341843545436859,0.6258196830749512,0.22006189823150635,0.8038433790206909,0.17832428216934204,0.7714760303497314,0.1534615457057953,0.7488243579864502,0.13213056325912476,0.7241945862770081,,
