Etapa,Sinal
0.31411316990852356,0.8589032888412476,0.3445717692375183,0.8000165224075317,0.34912416338920593,0.7188583612442017,0.33350175619125366,0.6645923256874084,0.3247407078742981,0.6157974004745483,0.2563591003417969,0.6639344096183777,0.22595451772212982,0.5945571660995483,0.25800925493240356,0.6092876195907593,0.2889721989631653,0.649544358253479,0.22998778522014618,0.682130753993988,0.1854313611984253,0.614220142364502,0.20340777933597565,0.6147375106811523,0.22728846967220306,0.6387811303138733,0.21341359615325928,0.7126126289367676,0.1698293387889862,0.6567820310592651,0.1834486424922943,0.6545727252960205,0.20419876277446747,0.6670947074890137,0.20560768246650696,0.7559868693351746,0.17254242300987244,0.7271152138710022,0.18183359503746033,0.7231098413467407,0.19974449276924133,0.7306246757507324,,
