Etapa,Sinal
0.36725282669067383,0.8090122938156128,0.3964289128780365,0.7577892541885376,0.4005753993988037,0.6823621392250061,0.3993675410747528,0.6279922723770142,0.40313953161239624,0.586618185043335,0.3727133572101593,0.647681713104248,0.34650179743766785,0.5786168575286865,0.3267292380332947,0.5419179201126099,0.3098122179508209,0.5105839967727661,0.3495818078517914,0.6655886769294739,0.3266708254814148,0.5948441624641418,0.30633410811424255,0.5496209859848022,0.2871570289134979,0.5097301006317139,0.33106595277786255,0.6978721618652344,0.3038490414619446,0.6379760503768921,0.2849541902542114,0.5944321751594543,0.2689433693885803,0.5544533133506775,0.31411507725715637,0.7371648550033569,0.2882121503353119,0.6997793912887573,0.27421319484710693,0.6690225005149841,0.26241743564605713,0.6376609802246094,,
