Etapa,Sinal
0.32552018761634827,0.7898356318473816,0.3633631765842438,0.6938315033912659,0.37414950132369995,0.6179176568984985,0.3681733012199402,0.5622850656509399,0.3641079068183899,0.5140751600265503,0.3218925893306732,0.5648413300514221,0.30034664273262024,0.5053905844688416,0.2845472991466522,0.4696984887123108,0.26984065771102905,0.43502098321914673,0.30070942640304565,0.5778462290763855,0.27705368399620056,0.5143609046936035,0.25950101017951965,0.47148996591567993,0.2437969297170639,0.42965012788772583,0.2828282117843628,0.6024273037910461,0.26021191477775574,0.5419179797172546,0.2450813204050064,0.5014647245407104,0.2316383272409439,0.46278703212738037,0.267191082239151,0.6403748393058777,0.24848750233650208,0.5968703627586365,0.23760253190994263,0.5648537278175354,0.2267078161239624,0.5329626798629761,,
