Etapa,Sinal
0.3126794099807739,0.855033814907074,0.3288344442844391,0.7884384393692017,0.3138774633407593,0.7203906774520874,0.2901207208633423,0.6686450242996216,0.27746739983558655,0.6218292713165283,0.24822555482387543,0.7037276029586792,0.20013698935508728,0.661793053150177,0.16758188605308533,0.6398317813873291,0.139630526304245,0.6223394870758057,0.22686290740966797,0.7341954708099365,0.17296916246414185,0.6894999146461487,0.13689178228378296,0.6622282266616821,0.1065283864736557,0.6398272514343262,0.21671059727668762,0.7699481844902039,0.16706335544586182,0.7342685461044312,0.13557970523834229,0.7087073922157288,0.10939399898052216,0.68489670753479,0.21383148431777954,0.811652421951294,0.1752540022134781,0.7849090695381165,0.1522519886493683,0.7650657296180725,0.13162222504615784,0.7447616457939148,,
