Etapa,Sinal
0.28080201148986816,0.8225645422935486,0.3081008791923523,0.7454092502593994,0.3119203448295593,0.6648087501525879,0.3034684956073761,0.6014328598976135,0.3015100359916687,0.5484068393707275,0.258450448513031,0.6192796230316162,0.23358187079429626,0.5578333139419556,0.2150573432445526,0.5267437100410461,0.19559544324874878,0.49812906980514526,0.23380036652088165,0.6388506889343262,0.20498470962047577,0.5724135637283325,0.18563243746757507,0.5367094874382019,0.16489852964878082,0.5029336214065552,0.21630962193012238,0.671042263507843,0.18709957599639893,0.6094852685928345,0.17007730901241302,0.5760005712509155,0.15322250127792358,0.5450316667556763,0.20471727848052979,0.7126167416572571,0.18237727880477905,0.6669131517410278,0.17076833546161652,0.6367300152778625,0.1585533618927002,0.6072855591773987,,
