Etapa,Sinal
0.32903170585632324,0.8904324769973755,0.3551616072654724,0.8317602276802063,0.3540093004703522,0.7513676285743713,0.33482441306114197,0.6906200647354126,0.32273828983306885,0.6431165337562561,0.2703818678855896,0.693068265914917,0.2335902601480484,0.6343715786933899,0.24993789196014404,0.6466637253761292,0.2710714042186737,0.6766414046287537,0.24453051388263702,0.7161958813667297,0.20424559712409973,0.6607716083526611,0.22467315196990967,0.6744737029075623,0.24725651741027832,0.6978314518928528,0.22640380263328552,0.7486649751663208,0.19127614796161652,0.704131543636322,0.21193726360797882,0.7152497172355652,0.23380962014198303,0.7355569005012512,0.21300503611564636,0.7900622487068176,0.18648836016654968,0.7578346729278564,0.2052985429763794,0.7623754739761353,0.22510316967964172,0.7761320471763611,,
