Etapa,Sinal
0.3574533760547638,0.6758010387420654,0.3872150182723999,0.611871063709259,0.38365620374679565,0.5405613780021667,0.3671616315841675,0.4852464497089386,0.3572637140750885,0.43684086203575134,0.3259444236755371,0.49570468068122864,0.29038822650909424,0.43987560272216797,0.2641668915748596,0.40971413254737854,0.23929044604301453,0.3850855827331543,0.3051794767379761,0.5185551047325134,0.2627420723438263,0.45975667238235474,0.23314353823661804,0.42603063583374023,0.20520636439323425,0.3971688151359558,0.29317861795425415,0.5517197251319885,0.25233590602874756,0.4971470236778259,0.22712746262550354,0.4648821949958801,0.2032947540283203,0.43568921089172363,0.2871747612953186,0.5940589904785156,0.2564432621002197,0.5565481781959534,0.2397622913122177,0.5312564373016357,0.22338801622390747,0.5066893696784973,,
