Etapa,Sinal
0.3268372118473053,0.8492430448532104,0.3568749725818634,0.8015648126602173,0.3556615710258484,0.7279762625694275,0.33945798873901367,0.6693429946899414,0.3354637026786804,0.6183959245681763,0.2927469313144684,0.6799825429916382,0.2543761730194092,0.6184889078140259,0.24736830592155457,0.6101789474487305,0.25096726417541504,0.6179006695747375,0.2667717933654785,0.7053411602973938,0.22926388680934906,0.6470851898193359,0.22231005132198334,0.6387436985969543,0.22512513399124146,0.6417257785797119,0.2504802644252777,0.7397380471229553,0.21997316181659698,0.6935535669326782,0.21140500903129578,0.6798591613769531,0.21043631434440613,0.6714584231376648,0.23959322273731232,0.7820775508880615,0.2123873233795166,0.7496551275253296,0.20954257249832153,0.7400156855583191,0.21214032173156738,0.7333694696426392,,
