Etapa,Sinal
0.34379979968070984,0.6986532807350159,0.3729161024093628,0.6351208090782166,0.3686066269874573,0.5600821375846863,0.3478148281574249,0.5045732259750366,0.335881769657135,0.456695556640625,0.3064584732055664,0.5262484550476074,0.26504114270210266,0.46795418858528137,0.23747912049293518,0.4402151107788086,0.2118126004934311,0.41648781299591064,0.2833945155143738,0.5516869425773621,0.2332734763622284,0.4871213734149933,0.20291763544082642,0.4536477327346802,0.17519451677799225,0.42484888434410095,0.27046507596969604,0.5857019424438477,0.22380492091178894,0.5301411747932434,0.19755347073078156,0.4972667098045349,0.1738164722919464,0.4662306606769562,0.26329243183135986,0.6286423206329346,0.22886519134044647,0.5920699238777161,0.212049201130867,0.567013680934906,0.1965080201625824,0.541155219078064,,
