Etapa,Sinal
0.3272091746330261,0.7011286020278931,0.34919610619544983,0.6282528042793274,0.343237966299057,0.5499048829078674,0.32378333806991577,0.49361056089401245,0.31184056401252747,0.44575586915016174,0.2795811891555786,0.5186879634857178,0.23714439570903778,0.46842122077941895,0.20840096473693848,0.4429616630077362,0.18136270344257355,0.4207978844642639,0.25837230682373047,0.5436679720878601,0.20782044529914856,0.4867575168609619,0.17569689452648163,0.4558951258659363,0.1457296460866928,0.4296525716781616,0.24670496582984924,0.5784986019134521,0.19551801681518555,0.5327936410903931,0.16433614492416382,0.5047177672386169,0.1356552541255951,0.4775899052619934,0.24185287952423096,0.6230727434158325,0.2015116959810257,0.5958192348480225,0.17671367526054382,0.5753779411315918,0.15301109850406647,0.5533037781715393,,
