Etapa,Sinal
0.3428950309753418,0.7181985378265381,0.3622879385948181,0.64748215675354,0.3489246070384979,0.5761840343475342,0.32315903902053833,0.5271307229995728,0.3052387833595276,0.48188671469688416,0.2790219485759735,0.549418568611145,0.231418177485466,0.5004787445068359,0.20214146375656128,0.47746312618255615,0.17496594786643982,0.4572981297969818,0.2583071291446686,0.5772330164909363,0.2008734494447708,0.5204463601112366,0.16828149557113647,0.4916817247867584,0.13878628611564636,0.4674654006958008,0.2484312355518341,0.6123628616333008,0.19530385732650757,0.5644373893737793,0.16512531042099,0.5366467237472534,0.13754034042358398,0.5109962821006775,0.24521510303020477,0.655526876449585,0.20499524474143982,0.6229726076126099,0.1825072318315506,0.5990709066390991,0.1610291600227356,0.5751715302467346,,
