Etapa,Sinal
0.36242958903312683,0.7214946746826172,0.39355701208114624,0.6532436013221741,0.39699527621269226,0.5764879584312439,0.3800034523010254,0.5174691677093506,0.37434303760528564,0.46472659707069397,0.33965346217155457,0.5270161628723145,0.31412601470947266,0.4599248766899109,0.2954731285572052,0.42654892802238464,0.27673667669296265,0.39686357975006104,0.31705841422080994,0.5460199117660522,0.28558260202407837,0.4716246724128723,0.26491186022758484,0.43261367082595825,0.2438831776380539,0.3964309096336365,0.3016822636127472,0.5782061219215393,0.2719608545303345,0.5124306678771973,0.25371024012565613,0.4758608639240265,0.2369949072599411,0.4419565796852112,0.2917885482311249,0.6216640472412109,0.26874658465385437,0.5791271328926086,0.2570837736129761,0.5515108108520508,0.2453032284975052,0.5246354937553406,,
