Etapa,Sinal
0.35582950711250305,0.7084947824478149,0.3805641531944275,0.6418277621269226,0.37684741616249084,0.5699344873428345,0.35602065920829773,0.5184803605079651,0.34559154510498047,0.47020596265792847,0.31571316719055176,0.5346875190734863,0.27797731757164,0.4822498559951782,0.2507143020629883,0.45292943716049194,0.2244473099708557,0.4278225302696228,0.2931359112262726,0.5609299540519714,0.24796684086322784,0.5054692029953003,0.21812491118907928,0.4726431965827942,0.1907004415988922,0.4441743791103363,0.28037503361701965,0.5960105657577515,0.23650865256786346,0.545991837978363,0.2086663693189621,0.514961838722229,0.18312031030654907,0.48582661151885986,0.27417027950286865,0.6397167444229126,0.2398613691329956,0.6055594086647034,0.2197059839963913,0.581156849861145,0.1999082714319229,0.5555490851402283,,
