Etapa,Sinal
0.31661513447761536,0.7156250476837158,0.342729777097702,0.6503943204879761,0.34068432450294495,0.5788933634757996,0.3232232928276062,0.5270342230796814,0.3124951720237732,0.48055389523506165,0.2844432592391968,0.536835789680481,0.25136199593544006,0.4816587567329407,0.22689595818519592,0.45322489738464355,0.203718900680542,0.4278608560562134,0.26215261220932007,0.5567678809165955,0.223858043551445,0.49699822068214417,0.1970699578523636,0.46529263257980347,0.17120200395584106,0.43660563230514526,0.24764004349708557,0.5864408016204834,0.21111851930618286,0.5343193411827087,0.18743683397769928,0.5028068423271179,0.1656675934791565,0.47460922598838806,0.23824957013130188,0.6254562139511108,0.20784617960453033,0.5881589651107788,0.18959525227546692,0.5616955757141113,0.1722451150417328,0.5358855724334717,,
