Etapa,Sinal
0.3003154993057251,0.635404109954834,0.35024815797805786,0.6058937907218933,0.39705541729927063,0.6266648769378662,0.4240682125091553,0.6678058505058289,0.4305950701236725,0.7025288939476013,0.43650713562965393,0.6307929754257202,0.49018579721450806,0.6777565479278564,0.5201490521430969,0.7059134840965271,0.5445585250854492,0.7273286581039429,0.42735055088996887,0.6692501306533813,0.4366881847381592,0.735333263874054,0.41604703664779663,0.7289341688156128,0.4046586751937866,0.7086942195892334,0.4067976474761963,0.7057523131370544,0.40665844082832336,0.7473453283309937,0.3903130888938904,0.7375239133834839,0.38122037053108215,0.719186544418335,0.38529250025749207,0.7350337505340576,0.38184115290641785,0.7601925134658813,0.36694636940956116,0.7492069602012634,0.3599681556224823,0.7329056262969971,,
