Etapa,Sinal
0.32783758640289307,0.6122753024101257,0.37884461879730225,0.5663792490959167,0.43069174885749817,0.5697029829025269,0.4615236520767212,0.6056224703788757,0.4679141044616699,0.6455583572387695,0.462059885263443,0.5715972781181335,0.5082767009735107,0.6048590540885925,0.5349718928337097,0.6296417117118835,0.5545565485954285,0.6478206515312195,0.45493921637535095,0.6193819642066956,0.48550674319267273,0.6727390289306641,0.4670983850955963,0.6731460094451904,0.44851213693618774,0.6577031016349792,0.4382825493812561,0.6657386422157288,0.46108773350715637,0.7031146287918091,0.44527971744537354,0.7006138563156128,0.42915135622024536,0.6860186457633972,0.4188030958175659,0.7043799161911011,0.4379804730415344,0.7306919693946838,0.4243243336677551,0.7259315848350525,0.40930476784706116,0.712867259979248,,
