Etapa,Sinal
0.3269707262516022,0.5934757590293884,0.37695765495300293,0.5621278882026672,0.42595359683036804,0.5761655569076538,0.4516047537326813,0.6176066398620605,0.45363137125968933,0.6593447327613831,0.45180243253707886,0.5782212018966675,0.4950340986251831,0.6300522685050964,0.5179153084754944,0.6606200933456421,0.5346267819404602,0.6804625988006592,0.44182974100112915,0.6209282279014587,0.4633628726005554,0.6834613680839539,0.4451616108417511,0.6842004656791687,0.43174755573272705,0.6661317944526672,0.4241955578327179,0.6639269590377808,0.44228389859199524,0.7105277180671692,0.4253852367401123,0.7056735754013062,0.41298413276672363,0.6883102059364319,0.40420255064964294,0.700055718421936,0.4215843081474304,0.7353492975234985,0.4065254330635071,0.7286402583122253,0.39337417483329773,0.7123347520828247,,
