Etapa,Sinal
0.30153366923332214,0.6321741342544556,0.3461900055408478,0.5847018957138062,0.3993411958217621,0.5896578431129456,0.4309419095516205,0.6266725063323975,0.44110098481178284,0.6664861440658569,0.43014904856681824,0.5930283069610596,0.47773730754852295,0.6348884701728821,0.5076501369476318,0.6605877876281738,0.5312618017196655,0.6753788590431213,0.42270487546920776,0.6387634873390198,0.46157345175743103,0.6948793530464172,0.44225361943244934,0.6969479322433472,0.4222361147403717,0.6813575625419617,0.4060370922088623,0.6851980090141296,0.43679243326187134,0.7287861704826355,0.4192253351211548,0.7255803942680359,0.40267816185951233,0.7108924984931946,0.38664868474006653,0.7255147695541382,0.4133434295654297,0.7593482136726379,0.39767205715179443,0.7530077695846558,0.3813593089580536,0.7390774488449097,,
