Etapa,Sinal
0.2699793577194214,0.6755293607711792,0.3120993375778198,0.6251328587532043,0.3634245991706848,0.6250829100608826,0.40043240785598755,0.6582559943199158,0.4138588607311249,0.7027775645256042,0.39198946952819824,0.6182240843772888,0.4569823443889618,0.6452271342277527,0.49099889397621155,0.666790246963501,0.5169998407363892,0.6835149526596069,0.3895322382450104,0.6667075753211975,0.42681100964546204,0.725540816783905,0.40458694100379944,0.7308580279350281,0.3827749788761139,0.7154346704483032,0.37675297260284424,0.7170538306236267,0.39805513620376587,0.7594724893569946,0.3774971663951874,0.7591518759727478,0.3587337136268616,0.7442530989646912,0.3614557087421417,0.7600135803222656,0.37807661294937134,0.7875285148620605,0.36124682426452637,0.7862693071365356,0.34384316205978394,0.7728918790817261,,
