Etapa,Sinal
0.2956399917602539,0.6308426260948181,0.34870874881744385,0.6041451096534729,0.39909735321998596,0.6245968341827393,0.4225631356239319,0.6675686836242676,0.4186851978302002,0.7090029716491699,0.4297356605529785,0.6274000406265259,0.47080764174461365,0.6802164316177368,0.49430567026138306,0.7097814679145813,0.5150441527366638,0.7321837544441223,0.4206799268722534,0.6687412261962891,0.4260995090007782,0.7349415421485901,0.40420377254486084,0.7306215763092041,0.39294204115867615,0.7082890272140503,0.40133732557296753,0.7098046541213989,0.399862140417099,0.7528324723243713,0.3813141882419586,0.7429916858673096,0.37199872732162476,0.722005307674408,0.379557341337204,0.743643581867218,0.3770882487297058,0.7707741856575012,0.3606826663017273,0.7610068321228027,0.3508877754211426,0.7437024116516113,,
