Etapa,Sinal
0.2701624631881714,0.8889909982681274,0.3127845525741577,0.8144748210906982,0.3792324364185333,0.7917442321777344,0.42931151390075684,0.8106053471565247,0.4582754373550415,0.8470743894577026,0.4069758355617523,0.7760248780250549,0.47582635283470154,0.7767484188079834,0.5201288461685181,0.7873989939689636,0.553734540939331,0.7978596687316895,0.4159657955169678,0.8350108861923218,0.4801435172557831,0.8528586626052856,0.4630945324897766,0.8634129762649536,0.43432602286338806,0.8638584613800049,0.417542427778244,0.8948767781257629,0.4709402620792389,0.9075601696968079,0.4555542469024658,0.9109863638877869,0.43061700463294983,0.9086031317710876,0.41303887963294983,0.9460002183914185,0.4559110701084137,0.9512689709663391,0.44107091426849365,0.951730489730835,0.41881275177001953,0.9496915340423584,,
