Etapa,Sinal
0.2693885564804077,0.8910076022148132,0.3086480498313904,0.821199357509613,0.38380303978919983,0.7968927621841431,0.44863638281822205,0.8095061182975769,0.49019986391067505,0.8329475522041321,0.3900044858455658,0.7673299908638,0.47120898962020874,0.7686278223991394,0.5183733701705933,0.7831093072891235,0.5540499687194824,0.7958734631538391,0.39458903670310974,0.8239730596542358,0.4816695749759674,0.8424869775772095,0.4629501700401306,0.8640140891075134,0.4329959452152252,0.8681735992431641,0.395785391330719,0.8858106732368469,0.4687311053276062,0.9035786390304565,0.44894155859947205,0.9154404401779175,0.4226009249687195,0.9124470353126526,0.39303693175315857,0.9423914551734924,0.4527290463447571,0.9530954360961914,0.4338553547859192,0.9575304985046387,0.40948429703712463,0.9522454738616943,,
