Etapa,Sinal
0.3150821030139923,0.7157379388809204,0.37408730387687683,0.6781946420669556,0.4287111163139343,0.6942133903503418,0.4584146738052368,0.7338515520095825,0.4675483703613281,0.7747946381568909,0.469309538602829,0.7038658261299133,0.5159847736358643,0.7476251721382141,0.5382066369056702,0.7686740756034851,0.5562952756881714,0.7821179628372192,0.46099191904067993,0.7544623017311096,0.4868326485157013,0.8112455010414124,0.46560248732566833,0.811432957649231,0.4485521912574768,0.796675443649292,0.4415018558502197,0.8026236295700073,0.46530529856681824,0.8455729484558105,0.44619107246398926,0.8414440155029297,0.43061956763267517,0.8266558647155762,0.4191562533378601,0.8415728807449341,0.4453577697277069,0.87492436170578,0.42921870946884155,0.8709189891815186,0.4131096601486206,0.8574669361114502,,
