Etapa,Sinal
0.2401324361562729,0.6904034614562988,0.30474549531936646,0.6522353291511536,0.36993899941444397,0.669188916683197,0.40811794996261597,0.712387204170227,0.4244404137134552,0.7560147047042847,0.41348451375961304,0.6667875051498413,0.4717619717121124,0.7181509137153625,0.5049888491630554,0.7473167181015015,0.5320614576339722,0.7657439708709717,0.40326929092407227,0.7152782678604126,0.4396510124206543,0.7875813245773315,0.41518568992614746,0.7924175262451172,0.3940611779689789,0.7745813727378845,0.3832458257675171,0.7652702331542969,0.4131917357444763,0.8223932385444641,0.3903806209564209,0.817963719367981,0.3720666468143463,0.798862636089325,0.36018022894859314,0.8076833486557007,0.3900093734264374,0.852863073348999,0.3710739314556122,0.8476626873016357,0.35389944911003113,0.8303396701812744,,
