Etapa,Sinal
0.3348296582698822,0.6427735090255737,0.38752061128616333,0.6164958477020264,0.4314289391040802,0.6290265917778015,0.45779702067375183,0.6591200828552246,0.4655270278453827,0.6923749446868896,0.47432926297187805,0.6484072804450989,0.49870970845222473,0.7162573337554932,0.492779016494751,0.7329779267311096,0.48704835772514343,0.7318174242973328,0.47174498438835144,0.6839803457260132,0.47034692764282227,0.7470523118972778,0.44784000515937805,0.7418234348297119,0.4362960457801819,0.7229416370391846,0.4575144350528717,0.7184497714042664,0.44911453127861023,0.7646646499633789,0.4292783737182617,0.754360556602478,0.4205074608325958,0.7339832782745361,0.4384503960609436,0.7478627562522888,0.42495959997177124,0.7776385545730591,0.4081568419933319,0.7642292380332947,0.40069901943206787,0.7445372939109802,,
