Etapa,Sinal
0.2992295026779175,0.6020678877830505,0.35468244552612305,0.5706053972244263,0.4077802896499634,0.5902794003486633,0.44459518790245056,0.6342638731002808,0.45892372727394104,0.6776813268661499,0.44200247526168823,0.5739227533340454,0.5070801973342896,0.6140050292015076,0.540054976940155,0.6328808665275574,0.5671809911727905,0.6460925340652466,0.43478479981422424,0.6119091510772705,0.46891966462135315,0.6887757182121277,0.44425880908966064,0.6868352890014648,0.4268456995487213,0.6671755313873291,0.41872739791870117,0.6523048281669617,0.43423521518707275,0.7150064706802368,0.41292092204093933,0.7052822113037109,0.39902907609939575,0.6850255727767944,0.39996540546417236,0.6877241134643555,0.4075363278388977,0.7297570109367371,0.38862067461013794,0.7187962532043457,0.3774099349975586,0.7014403343200684,,
