Etapa,Sinal
0.2584056854248047,0.7380778193473816,0.31973326206207275,0.6776971817016602,0.3834739029407501,0.6726569533348083,0.4239673614501953,0.7046789526939392,0.44266149401664734,0.7512338161468506,0.4269240200519562,0.6641513705253601,0.4956016540527344,0.6966968774795532,0.5291913151741028,0.7164193987846375,0.555368185043335,0.7292715311050415,0.42532190680503845,0.7198900580406189,0.47392210364341736,0.7747945785522461,0.45014721155166626,0.7771672010421753,0.4241509437561035,0.7617629766464233,0.41396549344062805,0.7757251858711243,0.4418017864227295,0.8105990886688232,0.4199835956096649,0.8086729645729065,0.3983650505542755,0.7952093482017517,0.3988114297389984,0.8235381245613098,0.41308483481407166,0.840148389339447,0.3950328826904297,0.8370286226272583,0.3769665062427521,0.8255706429481506,,
