Etapa,Sinal
0.22822824120521545,0.8366951942443848,0.28120607137680054,0.7684094309806824,0.3471359312534332,0.7556272745132446,0.4005293548107147,0.7749098539352417,0.43735313415527344,0.8042281270027161,0.3840787708759308,0.7386782169342041,0.4665328860282898,0.7455640435218811,0.5137426853179932,0.7531187534332275,0.5504391193389893,0.756077229976654,0.38790780305862427,0.7991329431533813,0.4542016088962555,0.8250735402107239,0.43285277485847473,0.8327756524085999,0.40277299284935,0.8275769352912903,0.380966454744339,0.8603723645210266,0.4224401116371155,0.8737003803253174,0.4034501612186432,0.8755661249160767,0.37983161211013794,0.8690276741981506,0.3675177991390228,0.9111128449440002,0.39457374811172485,0.9104738235473633,0.3785134553909302,0.9090633392333984,0.35986000299453735,0.90424644947052,,
