Etapa,Sinal
0.23627199232578278,0.7043917179107666,0.2904045879840851,0.6578664779663086,0.35481715202331543,0.6665195226669312,0.3972539007663727,0.7115427255630493,0.40710529685020447,0.7627471685409546,0.3822682797908783,0.6712371110916138,0.4434479773044586,0.7111230492591858,0.4764500558376312,0.7334936857223511,0.5022687315940857,0.7501993179321289,0.37074485421180725,0.7319349646568298,0.4228478670120239,0.7839051485061646,0.3996428847312927,0.7797062397003174,0.3739869296550751,0.761299729347229,0.35121777653694153,0.7900785803794861,0.3934936821460724,0.8234893083572388,0.37380778789520264,0.816224217414856,0.35305050015449524,0.8015324473381042,0.3294345736503601,0.8366153240203857,0.3677883744239807,0.8580071330070496,0.35273200273513794,0.8487640023231506,0.3326757550239563,0.8373340368270874,,
