Etapa,Sinal
0.20389272272586823,0.8578139543533325,0.24820539355278015,0.7845461964607239,0.3173426687717438,0.7794846296310425,0.3752639889717102,0.809275209903717,0.41091102361679077,0.8418661952018738,0.3582759499549866,0.7699101567268372,0.4408162832260132,0.7869977355003357,0.4932992458343506,0.8074615001678467,0.5332196354866028,0.8242636322975159,0.3593677282333374,0.8374373316764832,0.4190253019332886,0.8686639070510864,0.39459821581840515,0.8670830726623535,0.3626950979232788,0.8569210767745972,0.34702640771865845,0.9004179835319519,0.3843357563018799,0.9158679246902466,0.36467182636260986,0.9105401635169983,0.34111058712005615,0.9012963175773621,0.3289496898651123,0.9507191777229309,0.35517629981040955,0.9518482685089111,0.3376239538192749,0.9450002908706665,0.3195795714855194,0.9379047155380249,,
