Etapa,Sinal
0.23646961152553558,0.8540216088294983,0.2947827875614166,0.797033429145813,0.36416900157928467,0.7960883378982544,0.41000720858573914,0.8291211724281311,0.4316776990890503,0.8733053803443909,0.4061214327812195,0.7894730567932129,0.47770562767982483,0.8019891977310181,0.5213745832443237,0.8134375810623169,0.5566195249557495,0.8226169347763062,0.4055945873260498,0.8478072881698608,0.4504975974559784,0.89630126953125,0.4257531464099884,0.9002876877784729,0.3991275727748871,0.8874030709266663,0.3933757245540619,0.9065341353416443,0.4268445074558258,0.9401166439056396,0.4055359661579132,0.9378660917282104,0.3831734359264374,0.9248732328414917,0.375699907541275,0.9536809921264648,0.4055047333240509,0.9753994941711426,0.387496680021286,0.969667911529541,0.3675968647003174,0.956967294216156,,
