Etapa,Sinal
0.2209073156118393,0.8639520406723022,0.2734096050262451,0.7898055911064148,0.346265971660614,0.7768132090568542,0.3986318111419678,0.8014296889305115,0.42786771059036255,0.841823160648346,0.38120386004447937,0.7690013647079468,0.4563835859298706,0.7812170386314392,0.4979100823402405,0.7937837243080139,0.5305438041687012,0.8056427240371704,0.3832690417766571,0.8312339782714844,0.4526527523994446,0.8609049320220947,0.42982643842697144,0.8627668023109436,0.39785462617874146,0.8577825427055359,0.3753681778907776,0.8936595916748047,0.4321235418319702,0.9129340648651123,0.4114348590373993,0.9093550443649292,0.384470134973526,0.9029263854026794,0.36147230863571167,0.9455689191818237,0.4092542231082916,0.9560980200767517,0.3914375603199005,0.9520707130432129,0.3676145672798157,0.9465489387512207,,
