Etapa,Sinal
0.2469874769449234,0.8768576383590698,0.2904466390609741,0.7909844517707825,0.35931330919265747,0.7699387669563293,0.4078163504600525,0.7930418848991394,0.4300152063369751,0.8355513215065002,0.40735092759132385,0.7667936086654663,0.48076602816581726,0.769897997379303,0.5250216722488403,0.7765007019042969,0.5587551593780518,0.7832244634628296,0.41632258892059326,0.8311127424240112,0.4646105170249939,0.8393997550010681,0.444304496049881,0.8373059630393982,0.4169861376285553,0.837090790271759,0.4132947325706482,0.8909880518913269,0.4476747512817383,0.8880791664123535,0.43080222606658936,0.8819463849067688,0.4073139727115631,0.8800574541091919,0.40447697043418884,0.9385199546813965,0.4298701584339142,0.9320842027664185,0.4184738099575043,0.9262188673019409,0.39903128147125244,0.9241312146186829,,
