Etapa,Sinal
0.20961932837963104,0.8544882535934448,0.2658877372741699,0.7879441976547241,0.342215359210968,0.7800868153572083,0.39924535155296326,0.8073363900184631,0.4320944547653198,0.8440341949462891,0.37194350361824036,0.7671477794647217,0.455596923828125,0.7881478667259216,0.5014079809188843,0.8030823469161987,0.53745037317276,0.81578528881073,0.3694678246974945,0.8311765789985657,0.4460473358631134,0.8616046905517578,0.4233608841896057,0.8620487451553345,0.39165839552879333,0.8560465574264526,0.36003461480140686,0.893997848033905,0.422536164522171,0.9140328764915466,0.4032129645347595,0.9081040620803833,0.37722325325012207,0.900580883026123,0.34726378321647644,0.9461406469345093,0.3978922367095947,0.9551906585693359,0.3828555643558502,0.9479650855064392,0.3608275353908539,0.9425584077835083,,
