Etapa,Sinal
0.36277705430984497,0.7042654752731323,0.42685583233833313,0.6745380163192749,0.4765130877494812,0.7026568651199341,0.5154700875282288,0.7492083311080933,0.5423578023910522,0.7783578634262085,0.5007426142692566,0.7582952976226807,0.4923832416534424,0.820391833782196,0.4715525209903717,0.8119922280311584,0.46172162890434265,0.7928982377052307,0.4864804446697235,0.7984764575958252,0.46402058005332947,0.8383347988128662,0.4478871822357178,0.8237305879592896,0.4421064853668213,0.8067919611930847,0.4616353511810303,0.8280904293060303,0.4462319016456604,0.8538198471069336,0.4324462115764618,0.8401115536689758,0.42846134305000305,0.8246630430221558,0.4353775680065155,0.8490465879440308,0.4241026043891907,0.8717114329338074,0.41193243861198425,0.8599784970283508,0.4082408547401428,0.8450217843055725,,
