Etapa,Sinal
0.13358184695243835,0.83873450756073,0.1951930820941925,0.7536720037460327,0.27072522044181824,0.7386621236801147,0.32516634464263916,0.7696964740753174,0.3539024293422699,0.8182793855667114,0.3190361261367798,0.7421623468399048,0.4129999279975891,0.7591444849967957,0.46552911400794983,0.7729856967926025,0.5066526532173157,0.7837675213813782,0.31908854842185974,0.8143173456192017,0.3980405926704407,0.8389389514923096,0.37503647804260254,0.8304279446601868,0.3399815559387207,0.8213245868682861,0.307367205619812,0.8800686597824097,0.3587043583393097,0.8858679533004761,0.3369305431842804,0.8745270371437073,0.3086792826652527,0.8676060438156128,0.2910885512828827,0.9305673241615295,0.32525089383125305,0.9245767593383789,0.30791160464286804,0.9145805239677429,0.28550848364830017,0.909623384475708,,
