Etapa,Sinal
0.3524017333984375,0.6287249326705933,0.40838703513145447,0.6170191764831543,0.45148593187332153,0.6525478363037109,0.46895289421081543,0.6918527483940125,0.473327100276947,0.7242347002029419,0.4912983477115631,0.6766859292984009,0.5150971412658691,0.7458492517471313,0.5212681889533997,0.7737628221511841,0.5262251496315002,0.7851020693778992,0.48211270570755005,0.7053743004798889,0.4798518419265747,0.7761811017990112,0.45890021324157715,0.7688978314399719,0.4481363892555237,0.7455106377601624,0.4622354805469513,0.7332407236099243,0.4531632959842682,0.7873202562332153,0.4330791234970093,0.7757700681686401,0.4257374405860901,0.7531308531761169,0.43837156891822815,0.7555680274963379,0.42472755908966064,0.7907669544219971,0.40898483991622925,0.7758774757385254,0.4031122028827667,0.7539794445037842,,
