Etapa,Sinal
0.17418009042739868,0.8406440615653992,0.22950896620750427,0.7559213638305664,0.3032858371734619,0.7477529048919678,0.355246365070343,0.7832320928573608,0.3787021040916443,0.830981969833374,0.36895298957824707,0.7723164558410645,0.4513974189758301,0.795049250125885,0.4982075095176697,0.8106669783592224,0.5349094867706299,0.8254090547561646,0.36693593859672546,0.8421096801757812,0.41122788190841675,0.853025496006012,0.39177992939949036,0.8388772010803223,0.3668179512023926,0.8364683389663696,0.34892359375953674,0.9001132249832153,0.3802115321159363,0.8989582657814026,0.3635424077510834,0.8844870328903198,0.33913591504096985,0.8808686137199402,0.32625067234039307,0.941443145275116,0.3448747396469116,0.9407348036766052,0.3330443501472473,0.9313198924064636,0.3138977885246277,0.9282620549201965,,
