Etapa,Sinal
0.3436078727245331,0.5885487794876099,0.39490967988967896,0.5710828304290771,0.43802526593208313,0.5952821373939514,0.45515984296798706,0.6392613053321838,0.4534960985183716,0.6773370504379272,0.4714299440383911,0.5989022850990295,0.5106666088104248,0.6490848064422607,0.5346821546554565,0.6766229867935181,0.5542792081832886,0.6964614987373352,0.4636795222759247,0.6305381655693054,0.4656175374984741,0.7042626142501831,0.4441714882850647,0.7018901705741882,0.43386563658714294,0.6843084692955017,0.4451296329498291,0.6628358960151672,0.44130846858024597,0.7188926935195923,0.4234760105609894,0.7098003029823303,0.4159761965274811,0.6915825009346008,0.4231157600879669,0.6906746029853821,0.41740360856056213,0.7287120223045349,0.40160101652145386,0.7177515029907227,0.3948322534561157,0.7004749774932861,,
