Etapa,Sinal
0.27037131786346436,0.6573978066444397,0.31232085824012756,0.6353257894515991,0.3596011698246002,0.6587618589401245,0.38515082001686096,0.7023478150367737,0.39024731516838074,0.7475351095199585,0.3776100277900696,0.6610970497131348,0.4320478141307831,0.7099030613899231,0.4583696126937866,0.7312887907028198,0.4794315993785858,0.7466394305229187,0.36469003558158875,0.6960983276367188,0.38486072421073914,0.7688429355621338,0.3651164770126343,0.767151415348053,0.34859856963157654,0.7487988471984863,0.3440631330013275,0.7313047647476196,0.35983383655548096,0.7883723974227905,0.34137260913848877,0.7789814472198486,0.32616040110588074,0.7602611780166626,0.3234115540981293,0.7607132196426392,0.33511218428611755,0.7964631915092468,0.3196808695793152,0.7880551218986511,0.3056451678276062,0.7734003067016602,,
