Etapa,Sinal
0.35372549295425415,0.5720701217651367,0.41377297043800354,0.5938209891319275,0.4536038935184479,0.6429539918899536,0.46771931648254395,0.6865066289901733,0.4756990671157837,0.7205745577812195,0.49011361598968506,0.6484726667404175,0.5050602555274963,0.7146151065826416,0.5112938284873962,0.7414131760597229,0.5196830630302429,0.7572751045227051,0.4847201704978943,0.6684706211090088,0.47487133741378784,0.7445881366729736,0.4509085416793823,0.7305643558502197,0.4425489604473114,0.7034753561019897,0.46879842877388,0.6893950700759888,0.4505922794342041,0.7563573718070984,0.42849692702293396,0.7370520830154419,0.42279189825057983,0.7126120328903198,0.4478504955768585,0.7084140777587891,0.42813044786453247,0.7575148344039917,0.411262184381485,0.7372293472290039,0.40634405612945557,0.7128081917762756,,
