Etapa,Sinal
0.2530860900878906,0.635143518447876,0.2792040705680847,0.5576440095901489,0.33878618478775024,0.5173059105873108,0.39279553294181824,0.5197466015815735,0.42915377020835876,0.540600597858429,0.3555765748023987,0.488531231880188,0.4387209713459015,0.48347610235214233,0.4897502064704895,0.47818222641944885,0.5261650085449219,0.470517098903656,0.36513957381248474,0.5369741320610046,0.4626689851284027,0.5395463109016418,0.4545193910598755,0.5658118724822998,0.4267994165420532,0.5771664381027222,0.3702878952026367,0.5966748595237732,0.45876947045326233,0.5965853333473206,0.44731080532073975,0.615166187286377,0.42165616154670715,0.6221626400947571,0.37051069736480713,0.656134843826294,0.4510386884212494,0.6539891958236694,0.4481930732727051,0.6599912047386169,0.42860427498817444,0.6604093313217163,,
