Etapa,Sinal
0.30825936794281006,0.5970897078514099,0.35796400904655457,0.5586532354354858,0.4014659523963928,0.5764263272285461,0.4241729974746704,0.6185156106948853,0.43069055676460266,0.6561069488525391,0.44536539912223816,0.5775344371795654,0.4871397614479065,0.6273611187934875,0.5129963755607605,0.6473884582519531,0.5357398390769958,0.659640908241272,0.4413195252418518,0.614519476890564,0.4576258361339569,0.691031277179718,0.4344319701194763,0.6880863904953003,0.4218808710575104,0.669437050819397,0.4262755215167999,0.6514864563941956,0.43548357486724854,0.7196786999702454,0.4161510765552521,0.7087315320968628,0.4067240357398987,0.6874396204948425,0.4070765972137451,0.6843886971473694,0.4122069180011749,0.7392208576202393,0.39369064569473267,0.7271001935005188,0.384702205657959,0.7059706449508667,,
