Etapa,Sinal
0.3148426115512848,0.5834430456161499,0.36078983545303345,0.5542157888412476,0.4091998040676117,0.5732765197753906,0.43808335065841675,0.6139082312583923,0.4478144347667694,0.652002215385437,0.4404681324958801,0.5603080987930298,0.4926382899284363,0.6040094494819641,0.5240488052368164,0.6300329566001892,0.5491533279418945,0.6493009328842163,0.4298395812511444,0.5900569558143616,0.4605681896209717,0.6716676354408264,0.43915075063705444,0.6688084006309509,0.42191189527511597,0.6477006673812866,0.4104175269603729,0.6241554021835327,0.4333135187625885,0.6943081021308899,0.4140072464942932,0.6857710480690002,0.3997790217399597,0.6659367084503174,0.3881748914718628,0.655698299407959,0.4064866304397583,0.710728645324707,0.38933393359184265,0.6995635032653809,0.3769254982471466,0.6805973052978516,,
